{
  "DT-RBAC-FL-ADP": {
    "accuracy": 0.70875,
    "f1": 0.0933852140077821,
    "precision": 0.24489795918367346,
    "recall": 0.057692307692307696
  }
}