{
  "DT-RBAC-FL-ADP": {
    "accuracy": 0.6326225215114104,
    "f1": 0.20678513731825526,
    "precision": 0.8126984126984127,
    "recall": 0.11846367422489588
  }
}